id,checkid,checkingpeer,state,time
1,2,nebula,Start,2023-01-11 13:00:00
2,2,nebula,Success,2023-01-11 14:00:00
3,4,supernova,Start,2023-01-12 12:00:00
4,4,supernova,Success,2023-01-12 13:00:00
5,9,fabet,Start,2023-01-12 11:00:00
6,9,fabet,Success,2023-01-12 18:00:00
7,6,goliath,Start,2023-01-10 18:00:00
8,1,starlight,Start,2023-01-10 14:00:00
9,3,shadowlord,Start,2023-01-10 19:00:00
10,5,ltalia,Start,2023-01-09 10:00:00
11,7,shadow,Start,2023-01-11 11:00:00
12,8,mars,Start,2023-01-09 18:00:00
13,10,lunar,Start,2023-01-11 17:00:00
14,10,lunar,Success,2023-01-11 19:00:00
15,7,shadow,Failure,2023-01-11 15:00:00
16,8,mars,Failure,2023-01-09 20:00:00
17,1,starlight,Success,2023-01-10 16:00:00
18,3,shadowlord,Success,2023-01-10 21:00:00
19,13,heboni,Start,2023-02-01 20:00:00
20,13,heboni,Success,2023-02-01 21:00:00
21,14,heboni,Start,2023-09-01 20:00:00
22,14,heboni,Success,2023-09-01 21:00:00
23,15,heboni,Start,2023-10-01 20:00:00
24,15,heboni,Success,2023-10-01 21:00:00
25,12,vex,Start,2023-10-01 21:00:00
26,12,vex,Failure,2023-10-01 21:30:00
27,16,storm,Start,2023-10-01 21:45:00
28,16,storm,Success,2023-10-01 22:30:00
29,17,nebula,Start,2023-10-01 21:30:00
30,17,nebula,Success,2023-10-01 22:30:00
31,18,blaze,Start,2023-10-01 21:00:00
32,18,blaze,Success,2023-10-01 22:00:00
33,19,meteor,Start,2022-12-03 21:00:00
34,19,meteor,Failure,2022-12-03 22:00:00
35,20,heboni,Start,2022-12-03 12:00:00
36,20,heboni,Success,2022-12-03 13:00:00
37,21,blaze,Start,2022-12-03 14:00:00
38,21,blaze,Success,2022-12-03 15:00:00
39,22,lunar,Start,2022-12-03 16:00:00
40,22,lunar,Success,2022-12-03 17:00:00